grad_norm,loss,loss_q0,loss_q1,loss_q2,loss_q3,mse,mse_q0,mse_q1,mse_q2,mse_q3,samples,step,eval_loss,eval_loss_q0,eval_loss_q1,eval_loss_q2,eval_loss_q3,eval_mse,eval_mse_q0,eval_mse_q1,eval_mse_q2,eval_mse_q3
0.6155038719074095,0.0936407819390297,0.09321843,0.09337366,0.09330563,0.09554722,0.0936407819390297,0.09321843,0.09337366,0.09330563,0.09554722,32,0,,,,,,,,,,
0.6286166628610399,0.09068040549755096,0.08872729,0.09072292,0.09075813,0.0919662,0.09068040549755096,0.08872729,0.09072292,0.09075813,0.0919662,64,1,0.09382683038711548,0.09603205,0.09363905,0.0931894,0.092579275,0.09382683038711548,0.09603205,0.09363905,0.0931894,0.092579275
